{
  "conversational_rag": {
    "total_queries": 7,
    "successful_queries": 7,
    "success_rate": 1.0,
    "exact_match_accuracy": 1.0,
    "f1_score_avg": 0.29821576586282467,
    "semantic_similarity_avg": 0.5681630969047546,
    "bleu_score_avg": 0.19614513085322463,
    "hallucination_rate_avg": 0.0,
    "latency_mean": 2.0656282561165944,
    "latency_median": 2.0197858810424805,
    "latency_p95": 2.612672400474548,
    "latency_std": 0.35487439484815864,
    "task_success_rate": 0.0,
    "total_tools_used": 0,
    "efficiency_score": 0.20103063602762625,
    "factual_retrieval_accuracy": 0.44533554712931317,
    "multi_hop_accuracy": 0.6104277968406677,
    "procedural_accuracy": 0.8426625728607178,
    "action_success_rate": 0.0
  },
  "agentic_rag": {
    "total_queries": 10,
    "successful_queries": 10,
    "success_rate": 1.0,
    "exact_match_accuracy": 0.7,
    "f1_score_avg": 0.2953607503607504,
    "semantic_similarity_avg": 0.537803789973259,
    "bleu_score_avg": 0.199564257989445,
    "hallucination_rate_avg": 0.0,
    "latency_mean": 8.579612970352173,
    "latency_median": 4.377195954322815,
    "latency_p95": 28.806370401382427,
    "latency_std": 10.484204524495517,
    "task_success_rate": 0.3333333333333333,
    "total_tools_used": 8,
    "efficiency_score": 0.1358293111121938,
    "factual_retrieval_accuracy": 0.38302693764368695,
    "multi_hop_accuracy": 0.5443177223205566,
    "procedural_accuracy": 0.8352568745613098,
    "action_success_rate": 0.49348464608192444
  }
}